date,revenue,orders,visitors,refunds,channel,region
2026-09-01,142500.00,48,2100,2800.00,google_ads,Москва
2026-09-01,89400.00,32,1450,1200.00,yandex_direct,Санкт-Петербург
2026-09-02,156800.00,53,2350,0.00,google_ads,Москва
2026-09-02,94200.00,35,1600,3400.00,vk_ads,Екатеринбург
2026-09-03,168900.00,58,2500,4200.00,google_ads,Москва
2026-09-03,105300.00,39,1780,1800.00,organic_search,Санкт-Петербург
2026-09-04,184200.00,64,2850,2100.00,google_ads,Москва
2026-09-04,112400.00,41,1920,0.00,yandex_direct,Казань
2026-09-05,215600.00,76,3400,5600.00,google_ads,Москва
2026-09-05,138900.00,49,2250,3100.00,vk_ads,Санкт-Петербург
2026-09-06,234000.00,82,3800,4500.00,google_ads,Москва
2026-09-06,145200.00,52,2400,2900.00,organic_search,Новосибирск
2026-09-07,178500.00,61,2700,1900.00,google_ads,Москва
2026-09-07,98400.00,34,1650,1500.00,yandex_direct,Краснодар
