Дата;Номер заказа;Товар;Категория;Выручка;Количество;Канал;Регион
2026-09-01 10:15:00;WB-9823101;Беспроводные наушники Pro;Электроника;3490.00;1;Wildberries;Москва
2026-09-01 11:30:00;WB-9823102;Умные часы FitPulse;Электроника;5890.00;1;Wildberries;Санкт-Петербург
2026-09-01 14:45:00;WB-9823103;Чехол для смартфона Mag;Аксессуары;890.00;2;Wildberries;Казань
2026-09-01 17:20:00;WB-9823104;Термокружка SteelCup;Дом;1450.00;1;Wildberries;Екатеринбург
2026-09-02 09:10:00;WB-9823105;Рюкзак городской City;Одежда;2890.00;1;Wildberries;Москва
2026-09-02 12:40:00;WB-9823106;Беспроводная зарядка 15W;Электроника;1890.00;1;Wildberries;Новосибирск
2026-09-02 15:55:00;WB-9823107;Настольная лампа LED;Дом;2390.00;1;Wildberries;Санкт-Петербург
2026-09-03 10:25:00;WB-9823108;Беспроводные наушники Pro;Электроника;3490.00;1;Wildberries;Москва
2026-09-03 13:15:00;WB-9823109;Фитнес-браслет Lite;Электроника;2190.00;1;Wildberries;Нижний Новгород
2026-09-03 16:30:00;WB-9823110;Ортопедическая подушка;Дом;3100.00;1;Wildberries;Казань
2026-09-04 11:05:00;WB-9823111;Смарт-часы FitPulse;Электроника;5890.00;1;Wildberries;Москва
2026-09-04 14:50:00;WB-9823112;Худи оверсайз Premium;Одежда;3890.00;2;Wildberries;Краснодар
2026-09-04 18:10:00;WB-9823113;Коврик для йоги Eco;Спорт;1650.00;1;Wildberries;Санкт-Петербург
2026-09-05 10:45:00;WB-9823114;Внешний аккумулятор 20000;Электроника;2490.00;1;Wildberries;Москва
2026-09-05 12:20:00;WB-9823115;Спортивная бутылка 0.75;Спорт;890.00;1;Wildberries;Ростов-на-Дону
2026-09-05 15:35:00;WB-9823116;Кроссовки беговые Aero;Обувь;5490.00;1;Wildberries;Москва
2026-09-06 11:15:00;WB-9823117;Кухонный блендер Turbo;Техника;4290.00;1;Wildberries;Санкт-Петербург
2026-09-06 13:40:00;WB-9823118;Набор бокалов 6 шт;Дом;1990.00;1;Wildberries;Самара
2026-09-06 17:00:00;WB-9823119;Беспроводные наушники Pro;Электроника;3490.00;2;Wildberries;Москва
2026-09-07 09:30:00;WB-9823120;Электрическая зубная щетка;Красота;2990.00;1;Wildberries;Уфа
2026-09-07 12:15:00;WB-9823121;Массажер для шеи Relax;Здоровье;3890.00;1;Wildberries;Москва
2026-09-07 16:45:00;WB-9823122;Аромадиффузор ультразвуковой;Дом;1790.00;1;Wildberries;Санкт-Петербург
